{"train_accs": [0.13055860996246338, 0.2107260674238205, 0.25695550441741943, 0.2893301248550415, 0.3283022344112396, 0.36421069502830505, 0.3931111991405487, 0.4178222417831421, 0.43415921926498413, 0.45029422640800476, 0.4568992853164673, 0.47008803486824036, 0.4821111559867859, 0.49473118782043457, 0.4988841414451599, 0.5106403827667236, 0.5194823145866394, 0.5269106030464172, 0.537666916847229, 0.5435401201248169, 0.5520200729370117, 0.5601598024368286, 0.5687214136123657, 0.5744433999061584, 0.5825868844985962, 0.5896306037902832, 0.5972248315811157, 0.6021859645843506, 0.6078380346298218, 0.6152795553207397, 0.6184130907058716, 0.6216598749160767, 0.6287161111831665, 0.6345232725143433, 0.6381579637527466, 0.6409562826156616, 0.6484106183052063, 0.6511034369468689, 0.6579641699790955, 0.6595210433006287, 0.6636322736740112, 0.6685506701469421, 0.6711841821670532, 0.6766284704208374, 0.6789040565490723, 0.6821730136871338, 0.6880537867546082, 0.6911249160766602, 0.6955888867378235, 0.6978296637535095, 0.7018507122993469, 0.7028121948242188, 0.7071001529693604, 0.7124806046485901, 0.7135582566261292, 0.7170365452766418, 0.7206881046295166, 0.7243998050689697, 0.7263200283050537, 0.7301757335662842, 0.734538197517395, 0.7492095828056335, 0.748526394367218, 0.7486268281936646, 0.752637505531311, 0.7525086998939514, 0.7526800036430359], "val_accs": [0.20152635872364044, 0.2506257891654968, 0.28611624240875244, 0.31885117292404175, 0.3729291558265686, 0.40224790573120117, 0.4203032851219177, 0.44517168402671814, 0.46557316184043884, 0.4773090183734894, 0.4873615503311157, 0.5009168982505798, 0.5068255662918091, 0.51676344871521, 0.5195533037185669, 0.5353868007659912, 0.542772650718689, 0.5585064888000488, 0.5620976686477661, 0.5715378522872925, 0.5761961340904236, 0.5828170776367188, 0.5927892923355103, 0.6005081534385681, 0.6060550808906555, 0.616234302520752, 0.6229649782180786, 0.6200189590454102, 0.6358482837677002, 0.6381387710571289, 0.6401587724685669, 0.6470351219177246, 0.6522547006607056, 0.6544867753982544, 0.6560046672821045, 0.6587011814117432, 0.6648780703544617, 0.6683459877967834, 0.6699450016021729, 0.6654220819473267, 0.6715312600135803, 0.6743794679641724, 0.6770944595336914, 0.6803064346313477, 0.6826856136322021, 0.6849958300590515, 0.6878389120101929, 0.6895352005958557, 0.6872806549072266, 0.6986556053161621, 0.6943570375442505, 0.6997859477996826, 0.7029348015785217, 0.6995813846588135, 0.7060442566871643, 0.7001655101776123, 0.701630711555481, 0.7078189849853516, 0.7056893110275269, 0.7048355340957642, 0.7075352668762207, 0.716951847076416, 0.7156137228012085, 0.7161015272140503, 0.7160384654998779, 0.7156500816345215, 0.7159764170646667], "test_accs": [0.7179000377655029]}